{
  "origin": "train_np.py speech_commands_v2 float=0.8461 int8=0.8538 seed=1",
  "num_mfcc": 40,
  "window_len": 32,
  "conv_k": 3,
  "conv_out_ch": 8,
  "conv_out_len": 30,
  "pool_size": 2,
  "pool_out_len": 15,
  "dense_in": 120,
  "num_classes": 4,
  "m_conv": 21691,
  "s_conv": 22,
  "m_dense": 19986,
  "s_dense": 22,
  "max_acc_conv": 21270,
  "max_acc_dense": 74832,
  "feat_frozen": 1,
  "feat_mean": [
    -43.456318,
    -5.486834,
    -1.735239,
    -0.711126,
    -1.556432,
    -0.701658,
    -0.848707,
    -0.386141,
    -0.401061,
    -0.207644,
    -0.475857,
    -0.180087,
    -0.402133,
    -0.075277,
    -0.452204,
    -0.231396,
    -0.332767,
    -0.039386,
    -0.271445,
    0.009105,
    -0.165777,
    0.003707,
    -0.126323,
    0.029201,
    -0.137275,
    -0.026548,
    -0.108392,
    0.014414,
    -0.056838,
    0.025728,
    -0.03897,
    -0.003045,
    -0.053398,
    -0.023846,
    -0.061666,
    -0.02427,
    -0.027502,
    0.032447,
    0.038741,
    0.043327
  ],
  "feat_std": [
    31.61967,
    9.551415,
    4.852509,
    3.796164,
    3.146131,
    2.651207,
    2.287625,
    2.006176,
    1.811269,
    1.656207,
    1.557348,
    1.462703,
    1.357899,
    1.287455,
    1.218463,
    1.144571,
    1.080582,
    1.039848,
    0.992416,
    0.933241,
    0.908461,
    0.852847,
    0.812124,
    0.775293,
    0.731819,
    0.690434,
    0.655545,
    0.615831,
    0.582939,
    0.555679,
    0.522699,
    0.491919,
    0.481931,
    0.47125,
    0.448266,
    0.417004,
    0.411632,
    0.405675,
    0.403341,
    0.400175
  ]
}
